{"selection_sort": {"1": [0.0008978843688964844, 0.0029420852661132812, 0.01524496078491211, 0.048688411712646484, 0.16544342041015625, 0.6197683811187744, 2.4409666061401367, 8.586721181869507], "2": [], "3": [], "4": [], "5": []}, "insertion_sort": {"1": [0.0009629726409912109, 0.003269672393798828, 0.01384115219116211, 0.049368858337402344, 0.17304134368896484, 0.6535768508911133, 2.4090585708618164, 9.222264289855957], "2": [], "3": [], "4": [], "5": []}, "merge_sort": {"1": [0.0006499290466308594, 0.0012633800506591797, 0.002826690673828125, 0.006279945373535156, 0.008910894393920898, 0.019564151763916016, 0.03798532485961914, 0.08208680152893066], "2": [], "3": [], "4": [], "5": []}, "shell_sort": {"1": [0.0003523826599121094, 0.0009822845458984375, 0.0021305084228515625, 0.004910945892333984, 0.00840306282043457, 0.02043294906616211, 0.04772758483886719, 0.09658455848693848], "2": [], "3": [], "4": [], "5": []}}