{"selection_sort": {"1": [0.0004990100860595703, 0.002050638198852539, 0.007472991943359375, 0.03264665603637695, 0.12383437156677246, 0.478395938873291, 4.314334392547607, 10.04434061050415, 41.69841957092285], "2": [0.000835418701171875, 0.0026302337646484375, 0.007623434066772461, 0.03098440170288086, 0.11243891716003418, 0.39025354385375977, 3.44661283493042, 11.516874074935913, 40.9652214050293], "3": [0.0006771087646484375, 0.003378152847290039, 0.01077723503112793, 0.04272103309631348, 0.17091870307922363, 0.6504478454589844, 2.278183698654175, 10.03811001777649], "4": [], "5": []}, "insertion_sort": {"1": [0.0005056858062744141, 0.002536296844482422, 0.009146451950073242, 0.03048872947692871, 0.13036584854125977, 0.7644996643066406, 1.6024329662322998, 10.785330533981323, 42.608946323394775], "2": [0.0008921623229980469, 0.0029740333557128906, 0.007538795471191406, 0.0356595516204834, 0.11371898651123047, 0.418013334274292, 1.6139943599700928, 9.30187201499939, 41.86396646499634], "3": [0.0010571479797363281, 0.004230499267578125, 0.012154817581176758, 0.047663211822509766, 0.17086052894592285, 0.6813278198242188, 2.444629669189453, 11.036932468414307], "4": [], "5": []}, "merge_sort": {"1": [0.00038242340087890625, 0.0008571147918701172, 0.001361846923828125, 0.0028390884399414062, 0.005757808685302734, 0.014276981353759766, 0.027118206024169922, 0.05806159973144531, 0.15900897979736328], "2": [0.0003180503845214844, 0.0007872581481933594, 0.0012409687042236328, 0.002268075942993164, 0.005287885665893555, 0.13597512245178223, 0.027561426162719727, 0.07273292541503906, 0.18856549263000488], "3": [0.0005140304565429688, 0.0010867118835449219, 0.0017189979553222656, 0.003731250762939453, 0.008353710174560547, 0.017614364624023438, 0.03837871551513672], "4": [], "5": []}, "shell_sort": {"1": [0.0056154727935791016, 0.02076125144958496, 0.08938884735107422, 0.4212684631347656, 1.9776725769042969, 10.960589408874512, 57.19249224662781, 251.18359208106995, 1137.2728910446167], "2": [0.005322933197021484, 0.02473306655883789, 0.09280729293823242, 0.39017462730407715, 4.529815196990967, 11.235304117202759, 56.942254304885864, 263.1059572696686, 9785.303416728973], "3": [0.005793094635009766, 0.02736520767211914, 0.12433934211730957, 0.5649003982543945, 3.151557445526123, 12.157938718795776, 52.93520784378052], "4": [], "5": []}}