{
    "selection_sort": {
        "random_average": [
            [
                0.0009232044219970703,
                8128.0
            ],
            [
                0.003980779647827148,
                32640.0
            ],
            [
                0.018311548233032226,
                130816.0
            ],
            [
                0.06736388206481933,
                523776.0
            ],
            [
                0.22481870651245117,
                2096128.0
            ],
            [
                0.8408782958984375,
                8386560.0
            ],
            [
                3.3804126739501954,
                33550336.0
            ],
            [
                12.962253904342651,
                134209536.0
            ],
            [
                51.191634225845334,
                536854528.0
            ]
        ],
        "sorted": [
            [
                0.0008223056793212891,
                8128
            ],
            [
                0.004385709762573242,
                32640
            ],
            [
                0.018616437911987305,
                130816
            ],
            [
                0.06820225715637207,
                523776
            ],
            [
                0.21735191345214844,
                2096128
            ],
            [
                0.8807220458984375,
                8386560
            ],
            [
                3.330395460128784,
                33550336
            ],
            [
                12.671724557876587,
                134209536
            ],
            [
                50.18683958053589,
                536854528
            ]
        ],
        "sorted_inverse": [
            [
                0.0008571147918701172,
                8128
            ],
            [
                0.004229307174682617,
                32640
            ],
            [
                0.020908594131469727,
                130816
            ],
            [
                0.06396317481994629,
                523776
            ],
            [
                0.2264232635498047,
                2096128
            ],
            [
                0.8365573883056641,
                8386560
            ],
            [
                3.410188674926758,
                33550336
            ],
            [
                12.95221757888794,
                134209536
            ],
            [
                51.30437517166138,
                536854528
            ]
        ],
        "with_repetitions": [
            [
                0.0008285045623779297,
                8128.0
            ],
            [
                0.003502925237019857,
                32640.0
            ],
            [
                0.02143716812133789,
                130816.0
            ],
            [
                0.07728147506713867,
                523776.0
            ],
            [
                0.23353838920593262,
                2096128.0
            ],
            [
                0.8447786966959635,
                8386560.0
            ],
            [
                3.4521849155426025,
                33550336.0
            ],
            [
                13.41262141863505,
                134209536.0
            ],
            [
                51.577337662378945,
                536854528.0
            ]
        ]
    },
    "insertion_sort": {
        "random_average": [
            [
                0.0013776302337646484,
                4115.0
            ],
            [
                0.003560638427734375,
                16307.6
            ],
            [
                0.016388654708862305,
                66283.8
            ],
            [
                0.05568881034851074,
                263127.6
            ],
            [
                0.19649896621704102,
                1046174.6
            ],
            [
                0.7580584049224853,
                4179885.4
            ],
            [
                3.013710308074951,
                16832245.0
            ],
            [
                11.799817276000976,
                67046999.8
            ],
            [
                47.166816568374635,
                268324781.8
            ]
        ],
        "sorted": [
            [
                4.744529724121094e-05,
                127
            ],
            [
                5.412101745605469e-05,
                255
            ],
            [
                0.00011515617370605469,
                511
            ],
            [
                0.0002510547637939453,
                1023
            ],
            [
                0.00039768218994140625,
                2047
            ],
            [
                0.0009088516235351562,
                4095
            ],
            [
                0.0016415119171142578,
                8191
            ],
            [
                0.0034189224243164062,
                16383
            ],
            [
                0.006819486618041992,
                32767
            ]
        ],
        "sorted_inverse": [
            [
                0.0016443729400634766,
                8128
            ],
            [
                0.006930112838745117,
                32640
            ],
            [
                0.02715778350830078,
                130816
            ],
            [
                0.10160183906555176,
                523776
            ],
            [
                0.3690965175628662,
                2096128
            ],
            [
                1.5706353187561035,
                8386560
            ],
            [
                5.9971349239349365,
                33550336
            ],
            [
                23.137013912200928,
                134209536
            ],
            [
                90.47845315933228,
                536854528
            ]
        ],
        "with_repetitions": [
            [
                0.0007112026214599609,
                2906.6666666666665
            ],
            [
                0.0023613770802815757,
                11087.0
            ],
            [
                0.009828964869181315,
                43177.333333333336
            ],
            [
                0.035737196604410805,
                172754.66666666666
            ],
            [
                0.14493934313456217,
                699206.0
            ],
            [
                0.498851219813029,
                2802540.6666666665
            ],
            [
                2.0406331221262612,
                11092776.666666666
            ],
            [
                7.934885660807292,
                44505006.0
            ],
            [
                30.990240891774494,
                180116079.33333334
            ]
        ]
    },
    "merge_sort": {
        "random_average": [
            [
                0.0005963802337646485,
                155.0
            ],
            [
                0.0011859893798828124,
                322.4
            ],
            [
                0.0024745941162109377,
                649.8
            ],
            [
                0.004172897338867188,
                1303.8
            ],
            [
                0.007778739929199219,
                2570.4
            ],
            [
                0.01823315620422363,
                5158.4
            ],
            [
                0.03936114311218262,
                10365.6
            ],
            [
                0.07673730850219726,
                20704.2
            ],
            [
                0.15560345649719237,
                41491.2
            ]
        ],