{
    "selection_sort": {
        "random_1": [
            [
                0.0048351287841796875,
                8128
            ],
            [
                0.0054018497467041016,
                32640
            ],
            [
                0.01946711540222168,
                130816
            ],
            [
                0.06151747703552246,
                523776
            ],
            [
                0.23194217681884766,
                2096128
            ],
            [
                0.8649897575378418,
                8386560
            ],
            [
                3.493511199951172,
                33550336
            ],
            [
                12.41441035270691,
                134209536
            ],
            [
                48.85199999809265,
                536854528
            ]
        ],
        "random_2": [
            [
                0.0007793903350830078,
                8128
            ],
            [
                0.0033783912658691406,
                32640
            ],
            [
                0.015074491500854492,
                130816
            ],
            [
                0.06076240539550781,
                523776
            ],
            [
                0.20878124237060547,
                2096128
            ],
            [
                0.7934014797210693,
                8386560
            ],
            [
                3.2864270210266113,
                33550336
            ],
            [
                12.579177856445312,
                134209536
            ],
            [
                53.29296112060547,
                536854528
            ]
        ],
        "random_3": [
            [
                0.0007994174957275391,
                8128
            ],
            [
                0.0034027099609375,
                32640
            ],
            [
                0.02020120620727539,
                130816
            ],
            [
                0.06311202049255371,
                523776
            ],
            [
                0.2195444107055664,
                2096128
            ],
            [
                0.8625979423522949,
                8386560
            ],
            [
                3.3054728507995605,
                33550336
            ],
            [
                12.461633443832397,
                134209536
            ],
            [
                49.23128414154053,
                536854528
            ]
        ],
        "random_4": [
            [
                0.0008447170257568359,
                8128
            ],
            [
                0.004456996917724609,
                32640
            ],
            [
                0.018414974212646484,
                130816
            ],
            [
                0.0652620792388916,
                523776
            ],
            [
                0.21507549285888672,
                2096128
            ],
            [
                0.8046605587005615,
                8386560
            ],
            [
                3.3238725662231445,
                33550336
            ],
            [
                12.324270486831665,
                134209536
            ],
            [
                49.4397087097168,
                536854528
            ]
        ],
        "random_5": [
            [
                0.0009131431579589844,
                8128
            ],
            [
                0.00360107421875,
                32640
            ],
            [
                0.014726638793945312,
                130816
            ],
            [
                0.059191226959228516,
                523776
            ],
            [
                0.20771074295043945,
                2096128
            ],
            [
                0.8213334083557129,
                8386560
            ],
            [
                3.4528348445892334,
                33550336
            ],
            [
                12.428039789199829,
                134209536
            ],
            [
                49.49853229522705,
                536854528
            ]
        ],
        "sorted": [
            [
                0.05538201332092285,
                523776
            ]
        ],
        "sorted_inverse": [
            [
                0.05854511260986328,
                523776
            ]
        ],
        "with_repetitions": [
            [
                0.0585474967956543,
                523776
            ],
            [
                0.057935237884521484,
                523776
            ],
            [
                0.05769920349121094,
                523776
            ]
        ]
    },
    "insertion_sort": {
        "random_1": [
            [
                0.0021631717681884766,
                3715
            ],
            [
                0.0049626827239990234,
                17580
            ],
            [
                0.014851093292236328,
                64700
            ],
            [
                0.054129600524902344,
                265667
            ],
            [
                0.19950318336486816,
                1041088
            ],
            [
                0.7464842796325684,
                4177749
            ],
            [
                2.9435527324676514,
                16813595
            ],
            [
                11.23873496055603,
                67069240
            ],
            [
                44.38899087905884,
                269620671
            ]
        ],
        "random_2": [
            [
                0.0012102127075195312,
                4583
            ],
            [
                0.0026674270629882812,
                15563
            ],
            [
                0.018630504608154297,
                66785
            ],
            [
                0.053908586502075195,
                269879
            ],
            [
                0.18183088302612305,
                1046929
            ],
            [
                0.7391424179077148,
                4169870
            ],
            [
                2.849367618560791,
                16760242
            ],
            [
                11.009587049484253,
                67152733
            ],
            [
                44.90991473197937,
                267912483
            ]
        ],
        "random_3": [
            [
                0.0008153915405273438,
                3617
            ],
            [
                0.002981901168823242,
                16078
            ],
            [
                0.01257014274597168,
                64703
            ],
            [
                0.052445411682128906,
                264363
            ],
            [
                0.19658613204956055,
                1057667
            ],
            [
                0.7341821193695068,
                4264283
            ],
            [
                2.9551615715026855,
                16630083
            ],
            [
                11.180711030960083,
                66866583
            ],
            [
                44.85870051383972,
                269506217
            ]
        ],